Exercise 3 - SELECT
mysql> select * from Entry;
+----+---------------+-----------+----------+---------------------+------+---------+----------------+----------------+------------------+-----------------+-----------------+
| id | addressBookId | firstName | lastName | birthday            | type | subtype | contentLineOne | contentLineTwo | contentLineThree | contentLineFour | contentLineFive |
+----+---------------+-----------+----------+---------------------+------+---------+----------------+----------------+------------------+-----------------+-----------------+
|  1 |             1 | Yaron     | Cohen    | 0000-00-00 00:00:00 | work | phone   | 778-316-2479   | and            | we               | are             | ready           |
|  2 |             2 | John      | Smith    | 0000-00-00 00:00:00 | work | phone   | 778-316-2499   | and            | we               | are             | ready           |
|  3 |             2 | James     | Clark    | 1985-12-09 00:00:00 | work | phone   | 778-322-2399   | and            | we               | are             | ready           |
+----+---------------+-----------+----------+---------------------+------+---------+----------------+----------------+------------------+-----------------+-----------------+
3 rows in set (0.00 sec)

mysql> select * from AddressBook;
+----+-----------+-------+---------------------+---------------------+
| id | accountId | name  | createdOn           | modifiedOn          |
+----+-----------+-------+---------------------+---------------------+
|  1 |         1 | Yaron | 2016-01-01 00:00:00 | 2016-01-01 00:00:00 |
+----+-----------+-------+---------------------+---------------------+
1 row in set (0.00 sec)

mysql> select * from Account;
+----+--------------------+----------+---------------------+---------------------+
| id | email              | password | createdOn           | modifiedOn          |
+----+--------------------+----------+---------------------+---------------------+
|  1 | yaroncnk@gmail.com | yrnchn11 | 2016-01-01 00:00:00 | 2016-01-01 00:00:00 |
+----+--------------------+----------+---------------------+---------------------+
1 row in set (0.00 sec)